qa_id,question,dimension
d69f816d-f285-4db1-8238-0bb3934cd98e,Can Christmas wrapping paper be recycled?,AT
ef9fcdc4-4ce8-4d9e-a711-68c9b4db9ad2,What are the primary geological components that constitute a river delta's structure and how are they organized?,LV
2e4dfb3c-7e9f-49e1-9827-507fc25e214b,What is the recommended approach for preventing and treating petal blight in flowering azaleas?,AT
50660329-6dfa-48f2-a231-42886c604d46,How can I tell if a company is in a good position to pay off its debts?,LV
9d1e0804-8bbc-445c-b142-0d0fe0187ea0,How does natural language processing handle the challenge of distinguishing between different semantic meanings when surface structures appear identical?,AT
dd7e4f91-4097-4063-af51-cd225bb473f1,How do high-density and low-density lipoproteins differ in their effects on cardiovascular health?,LV
7b44d742-1c87-46e8-b496-e4893496bce8,What is the recommended protocol for isolating exosomes from cultured cells for analysis?,QC
5eda6352-a168-4bd3-871d-af5eff929081,"What considerations should be taken into account when calibrating H2S detection instruments that have very low alarm settings, such as 1.0 ppm?",AT
f0b8b62f-037d-40de-a7bb-4fdd917d9dcf,What are the key differences between entities and value objects in Domain-Driven Design?,QC
3e357470-6adb-4225-845f-97a4f797a875,What are the key technical specifications and capabilities of the WirelessHD protocol that make it suitable for high-definition wireless video streaming?,AT
ff239341-e7ff-4e31-92ea-a14b9c6bdef4,How did medieval societies handle the scientific knowledge inherited from the Greco-Roman period?,AT
091bad2f-8c0d-4da2-9cb2-0d1a60af43a9,"What makes wood an attractive alternative to traditional building materials like concrete and steel, and how is it being used in modern construction?",QC
21aa5743-e625-4676-84e5-420a9dc3dac2,"What are the key differences between a media release and an advertisement, and how should a company present their product launch in a media release?",AT
9a9bba56-7a5d-4a66-bd83-2b3b5cf47d15,How does the 2018 revival of 'Let the Music Play... Gospel!' differ from its original 1988 production?,QC
9c708266-e886-478b-98d7-9eba402ebcf4,Can Permanent Pile Reversal Shading occur in all types of carpet fibers?,QC
a9380fd6-e293-441d-a638-e2a295f39a28,"What are the specific administrative mechanisms for funding the Anglo-Portuguese Society's operations, particularly regarding governmental support and its evolution over time?",LV
bb666786-c11c-4731-bc4f-9fa4d9160e05,What geological characteristics were observed on the paths immediately outside of León?,AT
b3637630-4bbe-42de-86e6-de0e899ef65e,How has the scientific understanding of genes changed from the old 'Central Dogma' view to the modern 'Networked Gene' perspective?,QC
3eb39ef4-f626-498e-ac84-07fcd439a2ce,What was the sequence of fashion creations introduced in the 1990s?,AT
a1f33c95-b747-4cd7-bb6e-7b635e0e14ba,What are the quantitative metrics for greenhouse gas reduction and resource conservation achieved by sustainability programs in the apparel industry during 2022?,LV
d6a3f192-2437-47cc-9c4f-7ad3563c1548,What are the primary thermochemical pathways utilized in advanced biofuel production processes?,LV
7522ecb3-0314-4caa-b98b-c2992795dc10,How did the partition of British India in 1947 affect the development of speculative fiction literature in South Asia?,QC
c30f9d5f-8c3a-4367-96f1-77b7220de52e,What are the key improvements implemented in the L85A3 assault rifle compared to its A2 predecessor?,LV
228444fb-413f-48b1-bda2-3207c33badf6,How effective is posting videos on LinkedIn compared to regular text posts in terms of engagement?,LV
97e015e5-d37d-4869-9099-36aecc6d20ae,What computational advantage does the panel method offer compared to traditional computational fluid dynamics when analyzing 3D flow fields?,QC
686f2617-11f0-42a2-9dd9-bc87f58d098b,What is the target reading level for the book about optical illusions and mirages?,LV
eeb4e186-ba0e-4138-807a-4755876ec80d,How many suspected opioid overdoses were reported in Connecticut counties during the first year of SWORD?,LV
3a8e726e-2359-4fdb-853d-a6226568c994,What roles did actor Roger Lloyd-Pack have in science fiction and fantasy productions during his career?,LV
ce06c101-1a35-4f65-abed-0172d37c376d,What were the quantitative outcomes of the Second National Lok Adalat in terms of case resolution and financial relief?,LV
bb683e63-a956-481c-84e7-ca6702c06cc8,What are the key differences between the SMCT and non-SMCT versions of the 35mm f/2 lens in terms of filter diameter?,LV
